{"initial_reset_timestamp": 1595058156.3564258, "timestamps": [1595058160.454457, 1595058165.1254208, 1595058165.1524205, 1595058165.225419, 1595058165.32642, 1595058165.6374235, 1595058165.7644525, 1595058165.8704627, 1595058166.1754234, 1595058166.3494575, 1595058166.5074236, 1595058166.7114246, 1595058167.1204212, 1595058167.3514612, 1595058167.687423, 1595058167.8934581, 1595058168.2884219, 1595058168.6804607, 1595058169.256452, 1595058169.8525236, 1595058170.3155527, 1595058170.8315287, 1595058171.4415212, 1595058172.0025218, 1595058172.5855324, 1595058173.1445427, 1595058174.0835097, 1595058174.6315506, 1595058175.3785083, 1595058175.9605474, 1595058176.7105105, 1595058177.6375444, 1595058178.53351, 1595058179.4346151, 1595058180.2826037, 1595058181.183104, 1595058182.1541078, 1595058183.00514, 1595058184.2441332, 1595058185.095106, 1595058186.092104, 1595058186.9491026, 1595058188.084142, 1595058189.1491034, 1595058190.1130993, 1595058191.315567, 1595058192.4337966, 1595058193.4958322, 1595058194.7867982, 1595058195.9537613, 1595058197.2162786, 1595058204.5547223, 1595058205.8079884, 1595058207.0878599, 1595058208.351136, 1595058209.81258, 1595058211.0809808, 1595058212.6120079, 1595058214.0559106, 1595058215.7886312, 1595058217.0447397, 1595058218.951717, 1595058220.7287195, 1595058222.2267363, 1595058224.064717, 1595058225.5917375, 1595058227.3187158, 1595058229.139735, 1595058230.8557265, 1595058232.6893137, 1595058234.4971867, 1595058236.2453976, 1595058238.1405108, 1595058240.2961082, 1595058242.1880593, 1595058244.4090745, 1595058246.4682493, 1595058248.6167476, 1595058250.3924763, 1595058252.5906742, 1595058254.6445673, 1595058256.5335543, 1595058258.374589, 1595058260.4192712, 1595058262.3238885, 1595058264.9738836, 1595058266.918062, 1595058269.3011906, 1595058271.6441627, 1595058274.1381626, 1595058276.8261805, 1595058278.9261646, 1595058281.121169, 1595058283.4733615, 1595058285.8153436, 1595058288.299162, 1595058290.853271, 1595058293.0627112, 1595058295.6486714, 1595058303.6483433, 1595058306.4023247, 1595058310.736295, 1595058313.3697438, 1595058315.8727083, 1595058318.4838781, 1595058321.257907, 1595058323.9463546, 1595058326.696866, 1595058329.5379012, 1595058332.5345833, 1595058335.2275822, 1595058338.1531265, 1595058340.9334466, 1595058343.7192976, 1595058346.425319, 1595058349.2796562, 1595058352.0093515, 1595058355.1651943, 1595058358.4531014, 1595058361.2800949, 1595058364.33361, 1595058367.0553129, 1595058369.9542944, 1595058373.0501108, 1595058375.7933412, 1595058378.672697, 1595058381.639593, 1595058384.7516499, 1595058387.898527, 1595058391.1821194, 1595058394.3211145, 1595058397.677368, 1595058401.4713185, 1595058404.8810863, 1595058408.3007965, 1595058411.5867, 1595058415.2006803, 1595058418.9736598, 1595058422.593909, 1595058425.9689066, 1595058429.7229137, 1595058433.4986107, 1595058436.8696513, 1595058440.3376532, 1595058444.122954, 1595058447.8679378, 1595058451.6405368, 1595058455.4203696, 1595058459.205247, 1595058463.147262, 1595058467.1812577, 1595058472.8872492, 1595058476.5815823, 1595058480.184501, 1595058483.9969196, 1595058487.9919136, 1595058492.1967907, 1595058495.8206775, 1595058499.8466568, 1595058503.917662, 1595058507.6879988, 1595058511.9107804, 1595058515.8797295, 1595058520.0586498, 1595058524.1146486, 1595058528.2372463, 1595058532.1833174, 1595058536.595298, 1595058540.8472834, 1595058544.9743702, 1595058549.323303, 1595058553.6507978, 1595058558.1614716, 1595058562.723444, 1595058567.107305, 1595058571.4642274, 1595058575.9562345, 1595058580.4116626, 1595058585.6576462, 1595058590.328622, 1595058595.0285637, 1595058599.6057065, 1595058604.1910286, 1595058608.879118, 1595058613.493086, 1595058618.3151112, 1595058622.8830383, 1595058627.6014426, 1595058632.4039924, 1595058637.1025813, 1595058641.9089234, 1595058646.5554752, 1595058651.3660955, 1595058656.3467033, 1595058661.2093828, 1595058666.0464392, 1595058671.0317464, 1595058676.0516107, 1595058681.0341458, 1595058691.0692048, 1595058696.1216521, 1595058702.9646049, 1595058708.0301747, 1595058713.0043044, 1595058718.0284598, 1595058723.0804446, 1595058728.2754335, 1595058733.2301772, 1595058738.208109, 1595058743.197717, 1595058748.2833183, 1595058753.5079324, 1595058758.4670174, 1595058763.4869804, 1595058768.4598777, 1595058773.5498805, 1595058778.518624, 1595058783.4786296, 1595058788.5723624, 1595058793.6572278, 1595058798.7753687, 1595058803.7573614, 1595058808.739168, 1595058813.947663, 1595058819.1622663, 1595058824.223313, 1595058829.1873043, 1595058834.1394563, 1595058839.0882292, 1595058844.3014536, 1595058849.2973053, 1595058854.3147593, 1595058859.98776, 1595058865.0326364, 1595058870.1644628, 1595058875.175751, 1595058880.2631161, 1595058885.3931189, 1595058890.4997685, 1595058895.4966838, 1595058900.5101683, 1595058905.52962, 1595058910.5746007, 1595058915.7149959, 1595058920.7229671, 1595058925.778964, 1595058930.7570386, 1595058935.766138, 1595058940.8767626, 1595058945.9938974, 1595058951.2932065, 1595058958.194759, 1595058963.2910378, 1595058968.2523117, 1595058973.2279117, 1595058978.2028728, 1595058983.4608948, 1595058988.5746825, 1595058993.555766, 1595058998.6173935, 1595059003.6266973, 1595059008.7466106, 1595059013.9706135, 1595059018.973674, 1595059023.9822323, 1595059028.925624, 1595059034.041625, 1595059039.3556256, 1595059044.351572, 1595059049.3404636, 1595059054.6111794, 1595059059.6401715, 1595059064.665422, 1595059069.705074, 1595059074.73298, 1595059080.7050395], "episode_lengths": [200, 200, 200, 200, 200, 200, 200, 200, 200, 200, 200, 200, 200, 200, 200, 200, 200, 200, 200, 200, 200, 200, 200, 200, 200, 200, 200, 200, 200, 200, 200, 200, 200, 200, 200, 200, 200, 200, 200, 200, 200, 200, 200, 200, 200, 200, 200, 200, 200, 200, 200, 200, 200, 200, 200, 200, 200, 200, 200, 200, 200, 200, 200, 200, 200, 200, 200, 200, 200, 200, 200, 200, 200, 200, 200, 200, 200, 200, 200, 200, 200, 200, 200, 200, 200, 200, 200, 200, 200, 200, 200, 200, 200, 200, 200, 200, 200, 200, 200, 200, 200, 200, 200, 200, 200, 200, 200, 200, 200, 200, 200, 200, 200, 200, 200, 200, 200, 200, 200, 200, 200, 200, 200, 200, 200, 200, 200, 200, 200, 200, 200, 200, 200, 200, 200, 200, 200, 200, 200, 200, 200, 200, 200, 200, 200, 200, 200, 200, 200, 200, 200, 200, 200, 200, 200, 200, 200, 200, 200, 200, 200, 200, 200, 200, 200, 200, 200, 200, 200, 200, 200, 200, 200, 200, 200, 200, 200, 200, 200, 200, 200, 200, 200, 200, 200, 200, 200, 200, 200, 200, 200, 200, 200, 200, 200, 200, 200, 200, 200, 200, 200, 200, 200, 200, 200, 200, 200, 200, 200, 200, 200, 200, 200, 200, 200, 200, 200, 200, 200, 200, 200, 200, 200, 200, 200, 200, 200, 200, 200, 200, 200, 200, 200, 200, 200, 200, 200, 200, 200, 200, 200, 200, 200, 200, 200, 200, 200, 200, 200, 200, 200, 200, 200, 200, 200, 200, 200, 200, 200, 200, 200, 200, 200, 200, 200, 200, 200, 200, 200, 200, 200, 200, 200, 200, 200, 200],